name                                                           ,url                                                                                                                                                                         ,username                                      ,password                         ,note
2ndLine - Second Phone Number                                  ,android://50VbOzF4Siv2bQu2zmydG75kkRePoT9HTNRn4sE7x9qyqWXEqd_LkGVNn7KbF4HIkoOrZqsWashk63i7uiLuLw==@com.enflick.android.tn2ndLine/                                           ,teeaye205@gmail.com                           ,Ta030682!                        ,
Dave - Banking & Cash Advance                                  ,android://rRqhUXgyRH-toI9PSFxqiW69-G9oDjMXanXg90VrRBJXt_tfkPPcWthMrfqs2Ir-kYV02-kqzPQ5iv3Cj1Yx9A==@com.dave/                                                                ,(205) 512-7652                                ,I9v22L12$                        ,
Dave - Banking & Cash Advance                                  ,android://rRqhUXgyRH-toI9PSFxqiW69-G9oDjMXanXg90VrRBJXt_tfkPPcWthMrfqs2Ir-kYV02-kqzPQ5iv3Cj1Yx9A==@com.dave/                                                                ,abromearnest@gmail.com                        ,I9v22L12$                        ,
Facebook                                                       ,android://zQxb6hXv1MJiC1Yyotdhi8HP-y7fwPcOLwPOWTwWKpP2VXcbsuIiI4iJ1KV0Dz3LzVsUuKJmYCBIUAxnsPB9FA==@com.facebook.katana/                                                     ,teeaye205@protonmail.com                      ,I9v22L12$                        ,
GO2bank: Mobile banking                                        ,android://s4L7WAJz9YsDun_iKC6TdIBE2NzWZ6njDOhRHcoOZKRlhLmi18SMJ1aJDc6iO-Yfgr1QtB1MEuX1s_eiAoQHsw==@com.greendotcorp.go2bank/                                                ,abromearnest@gmail.com                        ,ta030682                         ,
GO2bank: Mobile banking                                        ,android://s4L7WAJz9YsDun_iKC6TdIBE2NzWZ6njDOhRHcoOZKRlhLmi18SMJ1aJDc6iO-Yfgr1QtB1MEuX1s_eiAoQHsw==@com.greendotcorp.go2bank/                                                ,zacandzoie@gmail.com                          ,I9v22l12$                        ,
Headspace: Meditation & Sleep                                  ,android://bjXA5QNC9UaR4h5jVXPQQBOmAUE8WYf184up5tO5ckPTNGqFTxW_-rDyY6PQLHiwn_wRoZi_3smn5x3samvW5Q==@com.getsomeheadspace.android/                                            ,teeaye205@gmail.com                           ,I9v22L12$                        ,
Intuit Credit Karma                                            ,android://YS7i6UF6mryxfozhV_-LIw3x6Q9uWK6o7EzjYx87zPMTNcAMnwWBfTDNzp3aNWeiNNgdPDDJe50Vcn-YEN9pDQ==@com.creditkarma.mobile/                                                  ,abromearnest@gmail.com                        ,7C?7UmZmxhcDME?                  ,
Life360: Live Location Sharing                                 ,android://-tGAdxjvn97BvIR7e9Ybsl_07x2pH2jzWqwhBdks7Lcfq_i5j3_Se7_sUHMnBuI3YOoBy8GPKKxyMHDFM1_UQQ==@com.life360.android.safetymapd/                                          ,teeaye205@gmail.com                           ,ta030682                         ,
LiveMixtapes - Hip-Hop Culture                                 ,android://QMLfptYOeSty3x3BUaCOlEZl8nciZSJC16TIfUtIleFsG7u3tTVRgb3tcFYd09Nrbldr_2aLWdIWw9L4ezAHtw==@com.livemixtapes/                                                        ,anakin550                                     ,kCG7gTsiSDXRCSn                  ,
MEGA                                                           ,android://pBmM_nO60893u4X7D-CanT76SomdRzEME86TJB9BGYmSJ9fDyuZ5RAw-Do1z4Ojw5T_uV-5fU4qvcGnyraIO2w==@mega.privacy.android.app/                                                ,teeaye2212@gmail.com                          ,sY!Y46nHTSuPxG:                  ,
Pandora - Music & Podcasts                                     ,android://Cj7RTBVvtO1UpPnkG2QPzgMYDj2lkQ9eLZHmgbjL87fbay_YoFmeIkYmt1mFEhkVTjc9NK_wfjRRPoBG75w-0g==@com.pandora.android/                                                     ,teeaye205@gmail.com                           ,ta030682                         ,
PayPal Business                                                ,android://rF2BMtDX6N5uymxwf2Syvpr7kW1gTUHhATVyF8dhrmRE8mvmWQ1KwSOvcxAEnpM52kL_VrS3omH3kq-I6N6SRQ==@com.paypal.merchant.client/                                              ,abromearnest@gmail.com                        ,P%3fZsHupsHbqHR                  ,
Plenty of Fish Dating App                                      ,android://PhNbH5ZWcvmvmXWKJ1nd6YLeMPGO0Sv1zemQYjcZCgfBNcbLTNg1TsLmNey-qmArSSNVKqE_2g8oHn0JDncXhw==@com.pof.android/                                                         ,TerryAye                                      ,bS9DQ1sVpi4v@Vy                  ,
Plenty of Fish Dating App                                      ,android://PhNbH5ZWcvmvmXWKJ1nd6YLeMPGO0Sv1zemQYjcZCgfBNcbLTNg1TsLmNey-qmArSSNVKqE_2g8oHn0JDncXhw==@com.pof.android/                                                         ,teeaye205@gmail.com                           ,bS9DQ1sVpi4v@Vy                  ,
Snapchat                                                       ,android://rx1M7HNclOtlTbka8IqBM_RA-PPzS-htzHtHBJQcOM2oNQSOsZxZF1j1MPteckITXrJ7xKh6mEC2HmKZpBwBrg==@com.snapchat.android/                                                    ,teeaye205@gmail.com                           ,ta030682                         ,
Twitch: Live Game Streaming                                    ,android://dKranQB7c5H2WKHJF5rygyRh5-vrf7ZVODNX_XoJgJ5YncxgwK7vbH1kZrYCLmv68MEawe5nFA-sfKQk9mrbFQ==@tv.twitch.android.app/                                                   ,teeaye205                                     ,I9v23L12$                        ,
Twitch: Live Game Streaming                                    ,android://dKranQB7c5H2WKHJF5rygyRh5-vrf7ZVODNX_XoJgJ5YncxgwK7vbH1kZrYCLmv68MEawe5nFA-sfKQk9mrbFQ==@tv.twitch.android.app/                                                   ,teeaye55                                      ,8219V@va                         ,
Walmart: Shopping & Savings                                    ,android://4qU9umAcITquicFhf9ceqVZ9gJ82LG3W91XYmN4nO9QYHEM0FXyI8TpWetriWtjUox7JV23Th94XY4g8Joq5Uw==@com.walmart.android/                                                     ,teeaye205@gmail.com                           ,I9v22L12$                        ,
Waze Navigation & Live Traffic                                 ,android://wctWuKakwAKDfVz8mX57MZAbZVXmfVwlkN8yHs6TuGuEfxswKtHq5qxOWI0RPBi55t1j2td7DaRC_cF8R3qlUQ==@com.waze/                                                                ,usa_0xctkk83                                  ,ex81y853                         ,
accenture.wd3.myworkdayjobs.com                                ,https://accenture.wd3.myworkdayjobs.com/AccentureCareers/login                                                                                                              ,earnestabrom@outlook.com                      ,t-B62CCsr:d7Zhq                  ,
accenture.wd3.myworkdayjobs.com                                ,https://accenture.wd3.myworkdayjobs.com/AccentureCareers/login                                                                                                              ,earnestabromjr@gmail.com                      ,mZ!275PV-eN:zNM                  ,
accenture.wd3.myworkdayjobs.com                                ,https://accenture.wd3.myworkdayjobs.com/AccentureCareers/passwordreset/rx88bmhe9aw7i9nkykfg293xkqbqnuvf690sa9bkwctpqj8slm2n2eku2g7s4e7ee5d1v38rwii3mg2h724fomefem2ccx4zwjq/ ,mZ!275PV-eN:zNM                               ,mZ!275PV-eN:zNM                  ,
accesspartnerships.grantplatform.com                           ,https://accesspartnerships.grantplatform.com/register                                                                                                                       ,earnestabrom@outlook.com                      ,w4djLnMHs@UgVmP                  ,
account.lenovo.com                                             ,https://account.lenovo.com/oauth/oauthlogin                                                                                                                                 ,earnestabrom@outlook.com                      ,I9v22L12$                        ,
account.proton.me                                              ,https://account.proton.me/login                                                                                                                                             ,teeaye205                                     ,A2212Mob$hit                     ,
account.protonmail.com                                         ,https://account.protonmail.com/                                                                                                                                             ,teeaye205                                     ,ta030682                         ,
account.protonmail.com                                         ,https://account.protonmail.com/                                                                                                                                             ,teeaye205@protonmail.com                      ,ta030682                         ,
account.protonmail.com                                         ,https://account.protonmail.com/login                                                                                                                                        ,teeaye205@protonmail.com                      ,ta030682                         ,
account.termius.com                                            ,https://account.termius.com/team/invite/accept                                                                                                                              ,earnestabrom@outlook.com                      ,almighty Don't Like Nobody       ,
accounts.creditkarma.com                                       ,https://accounts.creditkarma.com/                                                                                                                                           ,abromearnest@gmail.com                        ,7i=yAiH7q7pHx7=                  ,
accounts.firefox.com                                           ,https://accounts.firefox.com/                                                                                                                                               ,teeaye205@gmail.com                           ,!5Poppin5!                       ,
accounts.google.com                                            ,https://accounts.google.com/                                                                                                                                                ,abromearnest@gmail.com                        ,!5Playa5!                        ,
accounts.google.com                                            ,https://accounts.google.com/                                                                                                                                                ,teeaye205@gmail.com                           ,I9v22L12$                        ,
accounts.google.com                                            ,https://accounts.google.com/                                                                                                                                                ,teeaye2212@gmail.com                          ,!5Playa5!                        ,
accounts.reddit.com                                            ,https://accounts.reddit.com/                                                                                                                                                ,No_Attention7412                              ,ta030682                         ,
accounts.spotify.com                                           ,https://accounts.spotify.com/                                                                                                                                               ,teeaye205@gmail.com                           ,ta030682                         ,
amazic.com                                                     ,https://amazic.com/                                                                                                                                                         ,teeaye205@gmail.com                           ,sP8tTnC8HXvKxES                  ,
anaconda.cloud                                                 ,https://anaconda.cloud/sign-up                                                                                                                                              ,teeaye2212@gmail.com                          ,.83yx4i&n/MT)Ra                  ,
android.plexapp.com                                            ,android://UhbMtiAExFNPNceArXxYL07lKDceJ9QVHwVTMl3pzL5rNOxCM_X2QHA1gQU6v-owOXcnLReVhwTYm3cRKSpFaQ==@com.plexapp.android/                                                     ,teeaye205@gmail.com                           ,ta030682                         ,
android.xabber.com                                             ,android://b3D9Sc-E_X7FC2fBgYG_2SjLz1P6jjQVMcR7ybeUR2NOqwemf6xoiuQIPwg10dIygGNhMQVcLsx2aoyR1qmSTA==@com.xabber.android/                                                      ,teeaye205                                     ,ta030682                         ,
android.xabber.com                                             ,android://b3D9Sc-E_X7FC2fBgYG_2SjLz1P6jjQVMcR7ybeUR2NOqwemf6xoiuQIPwg10dIygGNhMQVcLsx2aoyR1qmSTA==@com.xabber.android/                                                      ,teeaye205@xabber.org                          ,ta030682                         ,
app.easycode.ai                                                ,https://app.easycode.ai/                                                                                                                                                    ,                                              ,Ta030682@                        ,
app.exampro.co                                                 ,https://app.exampro.co/                                                                                                                                                     ,teeaye2212@gmail.com                          ,C5eEJRNmYhWSpHr                  ,
app.jobvite.com                                                ,https://app.jobvite.com/                                                                                                                                                    ,Abrom                                         ,kBh9xsVDKa2a3Um                  ,
app.jobvite.com                                                ,https://app.jobvite.com/                                                                                                                                                    ,teeaye2212@gmail.com                          ,kBh9xsVDKa2a3Um                  ,
app.leif.org                                                   ,https://app.leif.org/                                                                                                                                                       ,earnestabrom@outlook.com                      ,I9v22L12$                        ,
app.life360.com                                                ,https://app.life360.com/login                                                                                                                                               ,+1     (205) 915-1151                         ,I9v22L12$                        ,
app.plex.tv                                                    ,https://app.plex.tv/                                                                                                                                                        ,teeaye205@gmail.com                           ,ta030682                         ,
app.protonmail.ch                                              ,https://app.protonmail.ch/                                                                                                                                                  ,teeaye205                                     ,8219$eLfT@030682                 ,
app.stafflinepro.com                                           ,https://app.stafflinepro.com/user-onboarding/create-password                                                                                                                ,                                              ,y*5zP%mGKATjcw                   ,
appleid.apple.com                                              ,https://appleid.apple.com/                                                                                                                                                  ,teeaye205@gmail.com                           ,I9v22L12$                        ,
appleid.apple.com                                              ,https://appleid.apple.com/auth/authorize                                                                                                                                    ,teeaye2212@gmail.com                          ,I9v22L12$                        ,
auth.hulu.com                                                  ,https://auth.hulu.com/                                                                                                                                                      ,teeaye205@gmail.com                           ,ta030682                         ,
auth.services.adobe.com                                        ,https://auth.services.adobe.com/en_US/deeplink.html                                                                                                                         ,teeaye2212@gmail.com                          ,X_fpnGJT+QWP/6g                  ,
auth.ticketmaster.com                                          ,https://auth.ticketmaster.com/                                                                                                                                              ,teeaye205@gmail.com                           ,eb498qMZC46HHe8                  ,
autozone.taleo.net                                             ,https://autozone.taleo.net/                                                                                                                                                 ,TerryAbrom                                    ,GHxS%E7fcA@h3Q%                  ,
avarisenzfoert2b.onion                                         ,https://avarisenzfoert2b.onion/                                                                                                                                             ,teeaye205                                     ,ta030682                         ,
bank.varomoney.com                                             ,https://bank.varomoney.com/                                                                                                                                                 ,teeaye205@gmail.com                           ,078-74-3147                      ,
belk.com                                                       ,https://belk.com/                                                                                                                                                           ,teeaye205@gmail.com                           ,dozzy0-pYktep-zipnik             ,
beta.bitport.io                                                ,https://beta.bitport.io/                                                                                                                                                    ,teeaye205@outlook.com                         ,8219$eLf                         ,
bigosext8s.com                                                 ,https://bigosext8s.com/                                                                                                                                                     ,teeaye205+bigsex@gmail.com                    ,Abcd1234                         ,
bitport.io                                                     ,https://bitport.io/                                                                                                                                                         ,teeaye205@outlook.com                         ,8219$eLf                         ,
care.siriusxm.com                                              ,https://care.siriusxm.com/                                                                                                                                                  ,teeaye205@gmail.com                           ,!5Playa5!                        ,
careers.healthfirst.org                                        ,https://careers.healthfirst.org/us/en/applythankyou                                                                                                                         ,earnestabromjr@gmail.com                      ,EK_b2C$ZwSVg6Bj                  ,
cdn.plaid.com                                                  ,https://cdn.plaid.com/                                                                                                                                                      ,abromearnest@gmail.com                        ,*n%TaNFivx$pp3h                  ,
cdn.plaid.com                                                  ,https://cdn.plaid.com/                                                                                                                                                      ,teeaye205                                     ,I9v22L12                         ,
cdn.plaid.com                                                  ,https://cdn.plaid.com/                                                                                                                                                      ,teeaye205@gmail.com                           ,I9v22L12$                        ,
cdn.registerdisney.go.com                                      ,https://cdn.registerdisney.go.com/                                                                                                                                          ,                                              ,I9v22L12$                        ,
cdn.registerdisney.go.com                                      ,https://cdn.registerdisney.go.com/                                                                                                                                          ,teeaye205@gmail.com                           ,!5Playa5!                        ,
chime.onedebit.com                                             ,android://kLmWdrLxxwg7xCGbfYhopV_fIpjltLY3uSr7JKXJwE32AjSVMUt0LQAcQL4FXJsAD_-IOOddPvKMTfB2D6CU3g==@com.onedebit.chime/                                                      ,abromearnest@gmail.com                        ,*n%TaNFivx$pp3h                  ,
chime.onedebit.com                                             ,android://kLmWdrLxxwg7xCGbfYhopV_fIpjltLY3uSr7JKXJwE32AjSVMUt0LQAcQL4FXJsAD_-IOOddPvKMTfB2D6CU3g==@com.onedebit.chime/                                                      ,teeaye205@gmail.com                           ,I9v22L12$                        ,
clerkieandroidapp.clerkie.com                                  ,android://y_rOpeEO8SHgWlmd-18zOw1tjWRF1zKbZ1nwOfx9UQG1sExR8Xkx3UFC641qhXoubHRi9jc6dxy5o0vs37kC9A==@com.clerkie.clerkieandroidapp/                                           ,teeaye205@gmail.com                           ,!5Playa5!                        ,
cloutzap.com                                                   ,https://cloutzap.com/                                                                                                                                                       ,teeaye205                                     ,XREQEysT7!7m!jA                  ,
cnrgstores.hirecentric.com                                     ,https://cnrgstores.hirecentric.com/                                                                                                                                         ,teeaye205@gmail.com                           ,gC!#*ZZQSKttd4N                  ,
contacticloudsync.granita.com                                  ,android://lMFUUzcrzin84iWBAZrKMxwx4zBa60blTpYXK-bDP13-B-9lVzAZBVVSg4NXo1sQfWpiM5R5oX4KXp22s1Lmkg==@com.granita.contacticloudsync/                                           ,teeaye205@gmail.com                           ,I9v22L12$                        ,
deposits.jailatm.com                                           ,https://deposits.jailatm.com/                                                                                                                                               ,                                              ,ta030682                         ,
dtn.wd1.myworkdayjobs.com                                      ,https://dtn.wd1.myworkdayjobs.com/en-US/DTN_Careers/login                                                                                                                   ,earnestabrom@outlook.com                      ,t-B62CCsr:d7Zhq                  ,
eastbay.eastbay.com                                            ,android://JDy2i2NnQ6fwExOo8EOVH-RavPb-sgZ2SpDPl7YJ8iimnu_sQ4GocoCxpxrNdJ-7pPGJgjHBjYFUYGTTrYegDg==@com.eastbay.eastbay/                                                     ,teeaye205@gmail.com                           ,I9v22L12$                        ,
ebookshelf.club                                                ,https://ebookshelf.club/                                                                                                                                                    ,teeaye205@gmail.com                           ,QpBVDN4!kSXdxhG                  ,
epic.avature.net                                               ,https://epic.avature.net/Careers/Register                                                                                                                                   ,earnestabromjr@gmail.com                      ,C4xgk88RteNn2L@                  ,
fixity.oorwin.com                                              ,https://fixity.oorwin.com/careers/index.html                                                                                                                                ,teeaye2212@gmail.com                          ,AjUsTz%iD8Ki43                   ,
frontendmasters.com                                            ,https://frontendmasters.com/login/                                                                                                                                          ,teeaye2212@gmail.com                          ,37br4lQP9DVr00                   ,
getpocket.com                                                  ,https://getpocket.com/                                                                                                                                                      ,teeaye2212@gmail.com                          ,m87DM3tPYLhKHP3                  ,
github.com                                                     ,https://github.com/                                                                                                                                                         ,teeaye205                                     ,I9v22L12$                        ,
github.com                                                     ,https://github.com/login                                                                                                                                                    ,abromearnest@gmail.com                        ,!D2iXo^Vy7FQ^x                   ,
github.com                                                     ,https://github.com/login                                                                                                                                                    ,earnestabrom205                               ,DE4TiCZS6G8A@xS                  ,
github.com                                                     ,https://github.com/session                                                                                                                                                  ,teeaye205@gmail.com                           ,I9v22L12$                        ,
gitlab.com                                                     ,https://gitlab.com/users/sign_in                                                                                                                                            ,teeaye2212@gmail.com                          ,!w$+77w?jiUd+D^                  ,
gitlab.nioyatech.com                                           ,https://gitlab.nioyatech.com/                                                                                                                                               ,                                              ,A2212Mob$hit                     ,
gitlab.nioyatech.com                                           ,https://gitlab.nioyatech.com/                                                                                                                                               ,teeaye2212@gmail.com                          ,A2212Mob$hit                     ,
gofan.co                                                       ,https://gofan.co/                                                                                                                                                           ,Zacandzoie@gmail.com                          ,Zackari21                        ,
gtc.marlboro.com                                               ,https://gtc.marlboro.com/                                                                                                                                                   ,teeaye205@gmail.com                           ,I9v22L12$                        ,
homefi.info                                                    ,https://homefi.info/                                                                                                                                                        ,teeaye2212@gmail.com                          ,T@030682                         ,
homefi.info                                                    ,https://homefi.info/account/reset/6719914836199/174840787ba31dd50a065e5da60023c3-1681001588                                                                                 ,teeaye2212@gmail.com                          ,T@030682                         ,
http://127.0.0.1:8080                                          ,http://127.0.0.1:8080/login                                                                                                                                                 ,                                              ,0f56661f5bf74f5f93b7c205db4c98fe ,
http://127.0.0.1:8080                                          ,http://127.0.0.1:8080/setupWizard/setupWizardFirstUser                                                                                                                      ,earnest205                                    ,ta030682                         ,
http://192.168.0.1                                             ,http://192.168.0.1/login.htm                                                                                                                                                ,admin                                         ,hi474y62                         ,
http://192.168.1.1                                             ,http://192.168.1.1/                                                                                                                                                         ,                                              ,I9v22L12$                        ,
http://192.168.1.1                                             ,http://192.168.1.1/                                                                                                                                                         ,TandCWifi                                     ,Familyof4                        ,
http://192.168.1.1                                             ,http://192.168.1.1/                                                                                                                                                         ,admin                                         ,Ta030682@                        ,
http://192.168.1.1                                             ,http://192.168.1.1/index.html                                                                                                                                               ,admin                                         ,Ta030682@                        ,
http://192.168.1.254                                           ,http://192.168.1.254/                                                                                                                                                       ,                                              ,4937426864                       ,
http://3.86.243.37:8080                                        ,http://3.86.243.37:8080/login                                                                                                                                               ,earnest205                                    ,ta030682                         ,
http://44.204.65.56:8080                                       ,http://44.204.65.56:8080/login                                                                                                                                              ,earnest205                                    ,ta030682                         ,
http://54.161.200.117:8080                                     ,http://54.161.200.117:8080/login                                                                                                                                            ,earnest205                                    ,ta030682                         ,
http://54.165.66.72:8081                                       ,http://54.165.66.72:8081/                                                                                                                                                   ,admin                                         ,ta030682                         ,
http://hotspot.webui                                           ,http://hotspot.webui/                                                                                                                                                       ,                                              ,I9v22L12$                        ,
http://routerlogin.net                                         ,http://routerlogin.net/                                                                                                                                                     ,admin                                         ,password                         ,
hughesnet.skylogin.com                                         ,https://hughesnet.skylogin.com/                                                                                                                                             ,earnestabrom@outlook.com                      ,I9v22L12$                        ,
idmsa.apple.com                                                ,https://idmsa.apple.com/                                                                                                                                                    ,teeaye205@gmail.com                           ,I9v22L12$                        ,
idmsa.apple.com                                                ,https://idmsa.apple.com/appleauth/auth/authorize/signin                                                                                                                     ,teeaye2212@gmail.com                          ,I9v22L12$                        ,
joox.ibg.tencent.com                                           ,android://H4gsmWVAo94-E03DQ_sq-A89KoUxrA52pMwHyPEaTbyhHy6n6Rh0LrySLP85wIWAmtoHLVBoOaJOPEO4mheLaQ==@com.tencent.ibg.joox/                                                    ,+12055300083                                  ,ta030682                         ,
kodekloud-engineer.com                                         ,https://kodekloud-engineer.com/                                                                                                                                             ,earnestabromjr@gmail.com                      ,@i7tc3zyym3NHTR                  ,
lastpass.com                                                   ,https://lastpass.com/                                                                                                                                                       ,teeaye2212@gmail.com                          ,A2212Mob$hit                     ,
login.docker.com                                               ,https://login.docker.com/u/login/password                                                                                                                                   ,teeaye205                                     ,E03t06A82@                       ,
login.live.com                                                 ,https://login.live.com/                                                                                                                                                     ,earnest Abrom                                 ,!5Playa5!                        ,
login.live.com                                                 ,https://login.live.com/                                                                                                                                                     ,earnestabrom@outlook.com                      ,!5Playa5!                        ,
login.live.com                                                 ,https://login.live.com/                                                                                                                                                     ,tabrom2212@gmail.com                          ,lordanakin550@hotmail.com        ,
login.live.com                                                 ,https://login.live.com/                                                                                                                                                     ,teeaye205@gmail.com                           ,I9v22L12$                        ,
login.live.com                                                 ,https://login.live.com/                                                                                                                                                     ,teeaye205@outlook.com                         ,I9v22L12$                        ,
login.live.com                                                 ,https://login.live.com/                                                                                                                                                     ,teeaye2212@gmail.com                          ,I9v22L12$                        ,
login.live.com                                                 ,https://login.live.com/oauth20_authorize.srf                                                                                                                                ,earnest Abrom                                 ,!5Playa5!                        ,
login.live.com                                                 ,https://login.live.com/oauth20_authorize.srf                                                                                                                                ,earnestabrom@outlook.com                      ,!5Playa5!                        ,
login.live.com                                                 ,https://login.live.com/ppsecure/post.srf                                                                                                                                    ,earnestabrom@outlook.com                      ,!5Playa5!                        ,
login.microsoftonline.com                                      ,https://login.microsoftonline.com/organizations/oauth2/v2.0/authorize                                                                                                       ,azure-iam@earnestabromoutlook.onmicrosoft.com ,Ta030682@                        ,
login3.id.hp.com                                               ,https://login3.id.hp.com/                                                                                                                                                   ,abromearnest@gmail.com                        ,H~*RzKYJY8Da*yw                  ,
m.facebook.com                                                 ,https://m.facebook.com/                                                                                                                                                     ,teeaye205@protonmail.com                      ,I9v22L12$                        ,
m.facebook.com                                                 ,https://m.facebook.com/                                                                                                                                                     ,teeaye2212@                                   ,ta030682                         ,
m.facebook.com                                                 ,https://m.facebook.com/                                                                                                                                                     ,teeaye2212@gmail.com                          ,!5Playa5!                        ,
manage.realvnc.com                                             ,https://manage.realvnc.com/                                                                                                                                                 ,teeaye205@gmail.com                           ,dR@ET3bF2XXZ!?N                  ,
mega.nz                                                        ,https://mega.nz/                                                                                                                                                            ,teeaye205@protonmail.com                      ,ta030682                         ,
mega.nz                                                        ,https://mega.nz/                                                                                                                                                            ,teeaye2212@gmail.com                          ,ta030682                         ,
mega.nz                                                        ,https://mega.nz/login                                                                                                                                                       ,teeaye2212@gmail.com                          ,ta030682                         ,
member.chime.com                                               ,https://member.chime.com/                                                                                                                                                   ,2055127652                                    ,I9v22L12$                        ,
member.chime.com                                               ,https://member.chime.com/                                                                                                                                                   ,abromearnest@gmail.com                        ,*n%TaNFivx$pp3h                  ,
member.chime.com                                               ,https://member.chime.com/                                                                                                                                                   ,teeaye205@gmail.com                           ,A2212Mob$hit                     ,
member.devopsinstitute.com                                     ,https://member.devopsinstitute.com/                                                                                                                                         ,teeaye2212@gmail.com                          ,wARU2LpN3G2Njr7                  ,
members.bitcomet.com                                           ,https://members.bitcomet.com/                                                                                                                                               ,teeaye205@outlook.com                         ,Dz!2V8w_CabRULy                  ,
mixtapes.techmob.com                                           ,android://Z6CcbXOfKmK-IRSyDXXG4L8IsulTC4zBlJMf70P4ON6keLCF7Z_ehZnd8xTQ2ZoeW5Ae8oMgDmb0LD2CoOhdSg==@com.techmob.mixtapes/                                                    ,teeaye205                                     ,!5Playa5!                        ,
mobi.match.com                                                 ,https://mobi.match.com/                                                                                                                                                     ,teeaye205@gmail.com                           ,ta030682                         ,
mobile.datpiff.com                                             ,android://WaixTd5rENPGSAyTcB8hlXg52CNOv8EkC3ppEql4Njp_zlIeYB7rK52lZ8iyV2erDdNiP9i1loOVy8JMEU9EhA==@com.datpiff.mobile/                                                      ,anakin550                                     ,ta030682                         ,
mobile.twitter.com                                             ,https://mobile.twitter.com/                                                                                                                                                 ,TeeAye13                                      ,ta030682                         ,
mobile.twitter.com                                             ,https://mobile.twitter.com/                                                                                                                                                 ,tabeom205                                     ,I9v22L12$                        ,
mtapp.android.westernunion.com                                 ,android://aYmJnfd_VJR-Ra5e64lyaCuUKNzUN_wrAuZS_wECXRCzIn2xVXAgDz7ZOpFhWSXGjKentMGWyx0tWgT1_W8TKQ==@com.westernunion.android.mtapp/                                          ,teeaye205@gmail.com                           ,I9v22L12$                        ,
music.spotify.com                                              ,android://HAd9J6Bpk55WOo6Vmut2cjGpTrbyqefLwVOPCVlWAAWG_6tSqyqZCER-VL-_uJlfA17swkPfmfFtHOkWDSdfog==@com.spotify.music/                                                       ,31hbl6vrcavmj22ud76zmd4rf6yi                  ,ta030682                         ,
my.equifax.com                                                 ,https://my.equifax.com/                                                                                                                                                     ,abromearnest@gmail.com                        ,*tg45qe6SuQk+7S                  ,
my.kaspersky.com                                               ,https://my.kaspersky.com/                                                                                                                                                   ,teeaye205@gmail.com                           ,wy7a6QR#TqqF7x7                  ,
my.peoplematter.com                                            ,https://my.peoplematter.com/                                                                                                                                                ,Abrom                                         ,2212                             ,
my.roku.com                                                    ,https://my.roku.com/                                                                                                                                                        ,teeaye205@gmail.com                           ,I9v22L12$                        ,
myidentity.platform.athenahealth.com                           ,https://myidentity.platform.athenahealth.com/                                                                                                                               ,                                              ,5!Playa!5                        ,
na.account.amazon.com                                          ,https://na.account.amazon.com/                                                                                                                                              ,12059151151                                   ,I9v22L12$                        ,
na.account.amazon.com                                          ,https://na.account.amazon.com/                                                                                                                                              ,earnestabrom                                  ,E03t06A82@                       ,
na.account.amazon.com                                          ,https://na.account.amazon.com/ap/signin                                                                                                                                     ,12059151151                                   ,I9v22L12$                        ,
na.account.amazon.com                                          ,https://na.account.amazon.com/ap/signin                                                                                                                                     ,2059151151                                    ,I9v22L12$                        ,
na.account.amazon.com                                          ,https://na.account.amazon.com/ap/signin                                                                                                                                     ,teeaye2212@gmail.com                          ,I9v22L12$                        ,
old.protonmail.com                                             ,https://old.protonmail.com/                                                                                                                                                 ,teeaye205                                     ,ta030682                         ,
passport.lenovo.com                                            ,https://passport.lenovo.com/                                                                                                                                                ,                                              ,I9v22L12$                        ,
passport.lenovo.com                                            ,https://passport.lenovo.com/                                                                                                                                                ,earnestabrom@outlook.com                      ,I9v22L12$                        ,
pnc.wd5.myworkdayjobs.com                                      ,https://pnc.wd5.myworkdayjobs.com/External/login                                                                                                                            ,earnestabromjr@gmail.com                      ,hgxsg#i2CG#i3#u                  ,
pnc.wd5.myworkdayjobs.com                                      ,https://pnc.wd5.myworkdayjobs.com/External/passwordreset/13oltex42844k33bwvl7tnxfhyj0f5t5i3swpuasmahfp93trwb5n3cusgv2b6fzw6kufien8q8e3powpmyzinrgyire2i6i6ke4/              ,earnestabromjr@gmail.com                      ,Ta030682@                        ,
portal.afterpay.com                                            ,https://portal.afterpay.com/                                                                                                                                                ,teeaye2212@gmail.com                          ,I9v22L12$                        ,
profile.callofduty.com                                         ,https://profile.callofduty.com/                                                                                                                                             ,teeaye205@gmail.com                           ,I9v22L12$                        ,
profile.w3schools.com                                          ,https://profile.w3schools.com/log-in                                                                                                                                        ,earnestabrom@outlook.com                      ,I9v22L12$                        ,
proofpoint.wd5.myworkdayjobs.com                               ,https://proofpoint.wd5.myworkdayjobs.com/en-US/ProofpointCareers/jobs                                                                                                       ,earnestabromjr@gmail.com                      ,_W7Gtyn_Hc2tK5B                  ,
pwoah7oh4jlgdwri.onion                                         ,https://pwoah7oh4jlgdwri.onion/                                                                                                                                             ,teeaye205                                     ,ta030682                         ,
quickthoughts.mobile.surveysampling.com                        ,android://kEn52RkwE5RpTT5f7UqaMmp3t4UMimSDQ2dEvZGBBTsQpkJuoejTGTgsXi4wo7hHcTBVDSpWFpA-Sac8miPb0w==@com.surveysampling.mobile.quickthoughts/                                 ,teeaye2212@gmail.com                          ,ta030682                         ,
rai-mc.konycloud.com                                           ,https://rai-mc.konycloud.com/                                                                                                                                               ,teeaye205@gmail.com                           ,I9v22L12$                        ,
rancher.earnestabrom.com                                       ,https://rancher.earnestabrom.com/dashboard/auth/login                                                                                                                       ,admin                                         ,A2212Mob$hit                     ,
recruiting.adp.com                                             ,https://recruiting.adp.com/srccar/public/nghome.guid                                                                                                                        ,earnestabromjr@gmail.com                      ,LZauCWtuQ8i&-9L                  ,
resumegenius.com                                               ,https://resumegenius.com/cover-letter-builder/app/signup                                                                                                                    ,teeaye2212@gmail.com                          ,#4&q2DsekyLGdFa                  ,
s3.amazonaws.com                                               ,https://s3.amazonaws.com/                                                                                                                                                   ,teeaye205@gmail.com                           ,!5Playa5!                        ,
sa.www4.irs.gov                                                ,https://sa.www4.irs.gov/                                                                                                                                                    ,3147                                          ,74                               ,
scratch.mit.edu                                                ,https://scratch.mit.edu/join                                                                                                                                                ,yung_skywalker                                ,ZFTg@b9v5x_bG.V                  ,
secure.go2bank.com                                             ,https://secure.go2bank.com/                                                                                                                                                 ,zacandzoie@gmail.com                          ,I9v22l12$                        ,
secure.login.gov                                               ,https://secure.login.gov/                                                                                                                                                   ,                                              ,T@030682Zackari21                ,
secure.login.gov                                               ,https://secure.login.gov/sign_up/enter_password                                                                                                                             ,earnestabromjr@gmail.com                      ,A2212Mob$hit                     ,
secure.maxpreps.com                                            ,https://secure.maxpreps.com/                                                                                                                                                ,teeaye205@gmail.com                           ,E_!j@SFU2jsRDgs                  ,
secure.newegg.com                                              ,https://secure.newegg.com/                                                                                                                                                  ,teeaye205@gmail.com                           ,I9v22L12$                        ,
secure.plaid.com                                               ,https://secure.plaid.com/                                                                                                                                                   ,teeaye205                                     ,I9v22L12$                        ,
secure.plaid.com                                               ,https://secure.plaid.com/                                                                                                                                                   ,teeaye205@gmail.com                           ,I9v22L12$                        ,
secure.serve.com                                               ,https://secure.serve.com/                                                                                                                                                   ,teeaye205                                     ,I9v22L12                         ,
secure.serve.com                                               ,https://secure.serve.com/                                                                                                                                                   ,teeaye2212                                    ,I9v22L12                         ,
secure2.walmartmoneycard.com                                   ,https://secure2.walmartmoneycard.com/                                                                                                                                       ,teeaye205                                     ,I9v22L12                         ,
secured.creditsesame.com                                       ,https://secured.creditsesame.com/                                                                                                                                           ,abromearnest@gmail.com                        ,K54GgNsdX4mtNNM                  ,
securustech.online                                             ,https://securustech.online/                                                                                                                                                 ,teeaye2212@gmail.com                          ,cCWnJJjz86WenNb                  ,
service.transunion.com                                         ,https://service.transunion.com/                                                                                                                                             ,abromearnest@gmail.com                        ,Te=pD2)XJe3%6q#                  ,
signin.aws.amazon.com                                          ,https://signin.aws.amazon.com/                                                                                                                                              ,earnestabrom                                  ,E03t06A82@                       ,
signin.aws.amazon.com                                          ,https://signin.aws.amazon.com/                                                                                                                                              ,teeaye2212@gmail.com                          ,I9v22L12$                        ,
signin.aws.amazon.com                                          ,https://signin.aws.amazon.com/oauth                                                                                                                                         ,earnest205                                    ,I9v22L12$                        ,
signin.aws.amazon.com                                          ,https://signin.aws.amazon.com/oauth                                                                                                                                         ,earnestabrom                                  ,E03t06A82@                       ,
signin.aws.amazon.com                                          ,https://signin.aws.amazon.com/signin                                                                                                                                        ,teeaye2212@gmail.com                          ,I9v22L12$                        ,
snoopza.com                                                    ,https://snoopza.com/                                                                                                                                                        ,teeaye205+snoopza@gmail.com                   ,ta030682                         ,
socialrebel.co                                                 ,https://socialrebel.co/                                                                                                                                                     ,anakin550                                     ,3y!rEgJ$hF_HFk2                  ,
sso.redhat.com                                                 ,https://sso.redhat.com/auth/realms/redhat-external/protocol/openid-connect/auth                                                                                             ,earnestabrom205                               ,Ta030682@                        ,
sso.teachable.com                                              ,https://sso.teachable.com/                                                                                                                                                  ,abromearnest@gmail.com                        ,259NorrisL@ne                    ,
techiescamp.com                                                ,https://techiescamp.com/register/                                                                                                                                           ,teeaye2212@gmail.com                          ,uF43bj64iwY#L9!                  ,
teclado.com                                                    ,https://teclado.com/register                                                                                                                                                ,teeaye2212@gmail.com                          ,MzSg2KqLJkn92NS                  ,
thisissport.club                                               ,https://thisissport.club/                                                                                                                                                   ,teeaye205@gmail.com                           ,s8Cy96Z@@.EugXH                  ,
toronto.my.kaspersky.com                                       ,https://toronto.my.kaspersky.com/                                                                                                                                           ,teeaye205@gmail.com                           ,wy7a6QR#TqqF7x7                  ,
truebill.com                                                   ,https://truebill.com/                                                                                                                                                       ,teeaye205@gmail.com                           ,LvKBWuQD45pNcNV                  ,
twitter.com                                                    ,https://twitter.com/                                                                                                                                                        ,                                              ,H6HFvg+9X2k()tX                  ,
twitter.com                                                    ,https://twitter.com/                                                                                                                                                        ,teeaye205@gmail.com                           ,ta030682                         ,
twitter.com                                                    ,https://twitter.com/i/flow/login                                                                                                                                            ,abromearnest                                  ,H6HFvg+9X2k()tX                  ,
unsplash.com                                                   ,https://unsplash.com/                                                                                                                                                       ,earnest205                                    ,P5cnLVY2vsGKGsi                  ,
us-east-1.signin.aws                                           ,https://us-east-1.signin.aws/platform/inviteuser                                                                                                                            ,                                              ,RYqd?9RycUpdy.T                  ,
us-east-1.signin.aws.amazon.com                                ,https://us-east-1.signin.aws.amazon.com/oauth                                                                                                                               ,earnest205                                    ,I9v22L12$                        ,
us-east-1.signin.aws.amazon.com                                ,https://us-east-1.signin.aws.amazon.com/oauth                                                                                                                               ,earnestabrom                                  ,E03t06A82@                       ,
us-east-2.signin.aws.amazon.com                                ,https://us-east-2.signin.aws.amazon.com/                                                                                                                                    ,earnestabrom                                  ,E03t06A82@                       ,
us-east-2.signin.aws.amazon.com                                ,https://us-east-2.signin.aws.amazon.com/oauth                                                                                                                               ,11-team-03                                    ,NTnt1111.                        ,
usa.experian.com                                               ,https://usa.experian.com/                                                                                                                                                   ,teeaye205@gmail.com                           ,5295800123843696                 ,
uspscandidate.psionline.com                                    ,https://uspscandidate.psionline.com/applicant-web/index.jsp;jsessionid=657374A531A4C09D77618AEDCBDA461C                                                                     ,22391055                                      ,B2.xCwaVNZZ4QZQ                  ,
venmo.com                                                      ,https://venmo.com/                                                                                                                                                          ,teeaye205@gmail.com                           ,I9v22L12$                        ,
wp1-ext.usps.gov                                               ,https://wp1-ext.usps.gov/sap/bc/webdynpro/sap/hrrcf_a_reg_applwizard_ext                                                                                                    ,EARNESTABROM205                               ,fD2%VH8YHGM?.q?                  ,
writngs.com                                                    ,https://writngs.com/                                                                                                                                                        ,teeaye205@gmail.com                           ,s8Cy96Z@@.EugXH                  ,
www.amazon.com                                                 ,https://www.amazon.com/                                                                                                                                                     ,+12055127652                                  ,ta030682                         ,
www.amazon.com                                                 ,https://www.amazon.com/                                                                                                                                                     ,12055127652                                   ,ta030682                         ,
www.amazon.com                                                 ,https://www.amazon.com/                                                                                                                                                     ,12059151151                                   ,I9v22L12$                        ,
www.amazon.com                                                 ,https://www.amazon.com/                                                                                                                                                     ,2055127652                                    ,ta030682                         ,
www.amazon.com                                                 ,https://www.amazon.com/ap/signin                                                                                                                                            ,12059151151                                   ,I9v22L12$                        ,
www.beenverified.com                                           ,https://www.beenverified.com/                                                                                                                                               ,                                              ,#54XN@qzwbe%mzc                  ,
www.belk.com                                                   ,https://www.belk.com/                                                                                                                                                       ,teeaye205@gmail.com                           ,dozzy0-pYktep-zipnik             ,
www.belk.com                                                   ,https://www.belk.com/login-loginform/                                                                                                                                       ,teeaye205@gmail.com                           ,dozzy0-pYktep-zipnik             ,
www.bitwig.com                                                 ,https://www.bitwig.com/account-register/                                                                                                                                    ,Mvx@aD.*25aGsHs                               ,Mvx@aD.*25aGsHs                  ,
www.brinksprepaidmastercard.com                                ,https://www.brinksprepaidmastercard.com/                                                                                                                                    ,teeaye205                                     ,I9v22L12$                        ,
www.brinksprepaidmastercard.com                                ,https://www.brinksprepaidmastercard.com/                                                                                                                                    ,teeaye205@gmail.com                           ,I9v22L12$                        ,
www.carvana.com                                                ,https://www.carvana.com/                                                                                                                                                    ,teeaye205@gmail.com                           ,Bk6v8i+8kh9KT8i                  ,
www.chess.com                                                  ,https://www.chess.com/                                                                                                                                                      ,teeaye205@gmail.com                           ,ta030682                         ,
www.creditkarma.com                                            ,https://www.creditkarma.com/                                                                                                                                                ,                                              ,7C?7UmZmxhcDME?                  ,
www.creditkarma.com                                            ,https://www.creditkarma.com/                                                                                                                                                ,teeaye205@gmail.com                           ,I9v22L12$                        ,
www.deezer.com                                                 ,https://www.deezer.com/                                                                                                                                                     ,teeaye205@protonmail.com                      ,ta030682                         ,
www.dice.com                                                   ,https://www.dice.com/register                                                                                                                                               ,earnestabromjr@gmail.com                      ,wR7WyM_NzJQMeji                  ,
www.dropbox.com                                                ,https://www.dropbox.com/                                                                                                                                                    ,teeaye205@gmail.com                           ,ta030682                         ,
www.facebook.com                                               ,https://www.facebook.com/                                                                                                                                                   ,teeaye205@protonmail.com                      ,I9v22L12$                        ,
www.facebook.com                                               ,https://www.facebook.com/                                                                                                                                                   ,teeaye2212@                                   ,ta030682                         ,
www.facebook.com                                               ,https://www.facebook.com/x/recover/extended/ineligible/                                                                                                                     ,teeaye2212@                                   ,ta030682                         ,
www.familyorbit.com                                            ,https://www.familyorbit.com/                                                                                                                                                ,teeaye205@gmail.com                           ,rdwfqz15at                       ,
www.github.com                                                 ,https://www.github.com/                                                                                                                                                     ,earnestabrom205                               ,DE4TiCZS6G8A@xS                  ,
www.grover.com                                                 ,https://www.grover.com/                                                                                                                                                     ,                                              ,DfP59#JPa7b2qqV                  ,
www.inboxdollars.com                                           ,https://www.inboxdollars.com/                                                                                                                                               ,earnestabrom@outlook.com                      ,%!LGk5AX-mfaG+p                  ,
www.inboxdollars.com                                           ,https://www.inboxdollars.com/                                                                                                                                               ,teeaye205@gmail.com                           ,%!LGk5AX-mfaG+p                  ,
www.kodekloud-engineer.com                                     ,https://www.kodekloud-engineer.com/                                                                                                                                         ,earnestabromjr@gmail.com                      ,@i7tc3zyym3NHTR                  ,
www.learncodinganywhere.com                                    ,https://www.learncodinganywhere.com/                                                                                                                                        ,earnestabrom@outlook.com                      ,E03t06A82@                       ,
www.linkedin.com                                               ,https://www.linkedin.com/                                                                                                                                                   ,earnestabrom@outlook.com                      ,!5Playa5!                        ,
www.linkedin.com                                               ,https://www.linkedin.com/                                                                                                                                                   ,teeaye205@gmail.com                           ,ePGb%b3t<rumB2N                  ,
www.linkedin.com                                               ,https://www.linkedin.com/login                                                                                                                                              ,earnestabrom@outlook.com                      ,5!Playa!5                        ,
www.livemixtapes.com                                           ,https://www.livemixtapes.com/                                                                                                                                               ,anakin550                                     ,kCG7gTsiSDXRCSn                  ,
www.messenger.com                                              ,https://www.messenger.com/                                                                                                                                                  ,teeaye205@protonmail.com                      ,I9v22L12$                        ,
www.newport-pleasure.com                                       ,https://www.newport-pleasure.com/                                                                                                                                           ,teeaye205@gmail.com                           ,I9v22L12$                        ,
www.opendesktop.org                                            ,https://www.opendesktop.org/register                                                                                                                                        ,nesto9                                        ,e*but9!Ty@v3xXD                  ,
www.patreon.com                                                ,https://www.patreon.com/                                                                                                                                                    ,teeaye205@outlook.com                         ,aQK?Cam+rbG;xB5                  ,
www.paygonline.com                                             ,https://www.paygonline.com/                                                                                                                                                 ,2059312170                                    ,Ta030682                         ,
www.paypal.com                                                 ,https://www.paypal.com/                                                                                                                                                     ,abromearnest@gmail.com                        ,P%3fZsHupsHbqHR                  ,
www.paypal.com                                                 ,https://www.paypal.com/                                                                                                                                                     ,teeaye205@gmail.com                           ,sWyD)Tw#u(2D3$x                  ,
www.paypal.com                                                 ,https://www.paypal.com/agreements/approve                                                                                                                                   ,teeaye205@gmail.com                           ,sWyD)Tw#u(2D3$x                  ,
www.reddit.com                                                 ,https://www.reddit.com/                                                                                                                                                     ,No_Attention7412                              ,ta030682                         ,
www.reddit.com                                                 ,https://www.reddit.com/login/                                                                                                                                               ,No_Attention7412                              ,ta030682                         ,
www.redhat.com                                                 ,https://www.redhat.com/wapps/ugc/register.html                                                                                                                              ,earnestabromjr@gmail.com                      ,Ta030682@                        ,
www.sololearn.com                                              ,https://www.sololearn.com/learn/courses/python-introduction                                                                                                                 ,teeaye2212@gmail.com                          ,-fgagSJ4NY2eivH                  ,
www.swagbucks.com                                              ,https://www.swagbucks.com/                                                                                                                                                  ,teeaye205@gmail.com                           ,A%xnq6$WYVYbcTh                  ,
www.udemy.com                                                  ,https://www.udemy.com/                                                                                                                                                      ,abromearnest@gmail.com                        ,S=@EAB+i;_6sHk2                  ,
www.upgrade.com                                                ,https://www.upgrade.com/                                                                                                                                                    ,earnestabrom@outlook.com                      ,kypcy6-Dinmyg-towxih             ,
www.virustotal.com                                             ,https://www.virustotal.com/                                                                                                                                                 ,teeaye205@gmail.com                           ,ta030682                         ,
www.virustotal.com                                             ,https://www.virustotal.com/                                                                                                                                                 ,teeaye2212@gmail.com                          ,ta030682                         ,
www.westernunion.com                                           ,https://www.westernunion.com/                                                                                                                                               ,teeaye205@gmail.com                           ,I9v22L12                         ,
yxuy5oau7nugw4kpb4lclrqdbixp3wvc4iuiad23ebyp2q3gx7rtrgqd.onion ,https://yxuy5oau7nugw4kpb4lclrqdbixp3wvc4iuiad23ebyp2q3gx7rtrgqd.onion/                                                                                                     ,teeaye205                                     ,ta030682                         ,
zendesk.wd1.myworkdayjobs.com                                  ,https://zendesk.wd1.myworkdayjobs.com/zendesk/login                                                                                                                         ,earnestabromjr@gmail.com                      ,Ta030682@                        ,
