url,username,password
http://192.168.0.1,admin,hi474y62
http://192.168.1.1,,I9v22L12$
http://192.168.1.1,TandCWifi,Familyof4
http://192.168.1.254,,4937426864
http://3.86.243.37:8080,earnest205,ta030682
http://44.204.65.56:8080,earnest205,ta030682
http://54.161.200.117:8080,earnest205,ta030682
http://54.165.66.72:8081,admin,ta030682
http://hotspot.webui,,I9v22L12$
http://routerlogin.net,admin,password
https://account.packtpub.com,earnestabrom@outlook.com,kwwgGbTNAiu$b3G
https://account.proton.me,teeaye205,A2212Mob$hit
https://account.protonmail.com,teeaye205,ta030682
https://account.protonmail.com,teeaye205@protonmail.com,ta030682
https://account.termius.com,teeaye205@gmail.com,ZyfJSu54Sv-D$VV
https://accounts.creditkarma.com,abromearnest@gmail.com,7i=yAiH7q7pHx7=
https://accounts.firefox.com,teeaye205@gmail.com,!5Poppin5!
https://accounts.google.com,abromearnest@gmail.com,!5Playa5!
https://accounts.google.com,teeaye205@gmail.com,I9v22L12$
https://accounts.google.com,teeaye2212@gmail.com,!5Playa5!
https://accounts.google.com,abromterry@gmail.com,Ta030682@
https://accounts.nintendo.com,teeaye2212@gmail.com,/*cRneDM4yq*W:e
https://accounts.reddit.com,No_Attention7412,ta030682
https://accounts.snapchat.com,,"dfvXGqU62P,:bp-"
https://accounts.spotify.com,teeaye205@gmail.com,ta030682
https://anaconda.cloud,teeaye2212@gmail.com,.83yx4i&n/MT)Ra
https://app.exampro.co,teeaye2212@gmail.com,C5eEJRNmYhWSpHr
https://app.leif.org,earnestabrom@outlook.com,I9v22L12$
https://app.life360.com,+1     (205) 915-1151,I9v22L12$
https://app.plex.tv,teeaye205@gmail.com,ta030682
https://app.protonmail.ch,teeaye205,8219$eLfT@030682
https://appleid.apple.com,teeaye205@gmail.com,I9v22L12$
https://appleid.apple.com,teeaye2212@gmail.com,I9v22L12$
https://auth.hulu.com,teeaye205@gmail.com,ta030682
https://auth.max.com,earnestabrom@outlook.com,A2212Mob$hit
https://auth.services.adobe.com,teeaye2212@gmail.com,X_fpnGJT+QWP/6g
https://auth.ticketmaster.com,teeaye205@gmail.com,eb498qMZC46HHe8
https://autozone.taleo.net,TerryAbrom,GHxS%E7fcA@h3Q%
https://avarisenzfoert2b.onion,teeaye205,ta030682
https://bank.varomoney.com,teeaye205@gmail.com,078-74-3147
https://beta.bitport.io,teeaye205@outlook.com,8219$eLf
https://bitport.io,teeaye205@outlook.com,8219$eLf
https://care.siriusxm.com,teeaye205@gmail.com,!5Playa5!
https://cdn.plaid.com,abromearnest@gmail.com,*n%TaNFivx$pp3h
https://cdn.plaid.com,teeaye205,I9v22L12
https://cdn.plaid.com,teeaye205@gmail.com,I9v22L12$
https://cdn.registerdisney.go.com,,I9v22L12$
https://cdn.registerdisney.go.com,teeaye205@gmail.com,!5Playa5!
https://cloutzap.com,teeaye205,XREQEysT7!7m!jA
https://cnrgstores.hirecentric.com,teeaye205@gmail.com,gC!#*ZZQSKttd4N
https://courses.calhoun.io,earnestabrom@outlook.com,cynvef-gocniS-xihxe4
https://courses.edx.org,earnestabrom@outlook.com,zeVcub-nowgi5-nodnuk
https://dashboard.punchh.com,,45y^zJtowl*dCA
https://deposits.jailatm.com,,ta030682
https://dtn.wd1.myworkdayjobs.com,earnestabrom@outlook.com,t-B62CCsr:d7Zhq
https://ebookshelf.club,teeaye205@gmail.com,QpBVDN4!kSXdxhG
https://ew32.ultipro.com,CSMAbrom3147,g!@kbg28fukV.8Q
https://frontendmasters.com,abromearnest@gmail.com,R5icJ9C5f5aYeL%
https://getpocket.com,teeaye2212@gmail.com,m87DM3tPYLhKHP3
https://github.com,abromearnest@gmail.com,!D2iXo^Vy7FQ^x
https://github.com,teeaye205,I9v22L12$
https://github.com,teeaye205@gmail.com,I9v22L12$
https://github.com,earnestabromjr,!D2iXo^Vy7FQ^x
https://github.com,earnestabrom205,DE4TiCZS6G8A@xS
https://gitlab.nioyatech.com,teeaye2212@gmail.com,A2212Mob$hit
https://gofan.co,Zacandzoie@gmail.com,Zackari21
https://gtc.marlboro.com,teeaye205@gmail.com,I9v22L12$
https://homefi.info,teeaye2212@gmail.com,T@030682
https://hughesnet.skylogin.com,earnestabrom@outlook.com,I9v22L12$
https://idmsa.apple.com,teeaye205@gmail.com,I9v22L12$
https://idmsa.apple.com,teeaye2212@gmail.com,I9v22L12$
https://jobs.aidt.edu,earnestabrom@outlook.com,s#pk4v6Bx7AnQWZ
https://kodekloud-engineer.com,earnestabromjr@gmail.com,@i7tc3zyym3NHTR
https://lastpass.com,teeaye2212@gmail.com,A2212Mob$hit
https://login.docker.com,teeaye205,E03t06A82@
https://login.live.com,,earnestabrom@outlook.com
https://login.live.com,earnest Abrom,!5Playa5!
https://login.live.com,earnestabrom@outlook.com,!5Playa5!
https://login.live.com,tabrom2212@gmail.com,lordanakin550@hotmail.com
https://login.live.com,teeaye205@gmail.com,I9v22L12$
https://login.live.com,teeaye205@outlook.com,I9v22L12$
https://login.live.com,teeaye2212@gmail.com,I9v22L12$
https://login3.id.hp.com,abromearnest@gmail.com,H~*RzKYJY8Da*yw
https://m.facebook.com,teeaye205@protonmail.com,I9v22L12$
https://m.facebook.com,teeaye2212@,ta030682
https://m.facebook.com,teeaye2212@gmail.com,!5Playa5!
https://manage.realvnc.com,teeaye205@gmail.com,dR@ET3bF2XXZ!?N
https://mega.nz,teeaye205@protonmail.com,ta030682
https://mega.nz,teeaye2212@gmail.com,sY!Y46nHTSuPxG:
https://member.chime.com,2055127652,I9v22L12$
https://member.chime.com,abromearnest@gmail.com,*n%TaNFivx$pp3h
https://member.chime.com,teeaye205@gmail.com,A2212Mob$hit
https://members.bitcomet.com,teeaye205@outlook.com,Dz!2V8w_CabRULy
https://mobi.match.com,teeaye205@gmail.com,ta030682
https://mobile.twitter.com,TeeAye13,ta030682
https://mobile.twitter.com,tabeom205,I9v22L12$
https://my.equifax.com,abromearnest@gmail.com,*tg45qe6SuQk+7S
https://my.kaspersky.com,teeaye205@gmail.com,wy7a6QR#TqqF7x7
https://my.peoplematter.com,Abrom,2212
https://my.roku.com,teeaye205@gmail.com,I9v22L12$
https://myaccount.suse.com,,LC5$9gugaSLYTwS
https://myidentity.platform.athenahealth.com,,5!Playa!5
https://na.account.amazon.com,12059151151,I9v22L12$
https://na.account.amazon.com,2059151151,I9v22L12$
https://na.account.amazon.com,teeaye2212@gmail.com,I9v22L12$
https://news.ycombinator.com,teeaye82,azBJhwTTit4bXs7
https://old.protonmail.com,teeaye205,ta030682
https://openlearninglibrary.mit.edu,abromearnest@gmail.com,4$97g6$p3p$bdfV
https://passport.lenovo.com,,I9v22L12$
https://passport.lenovo.com,earnestabrom@outlook.com,I9v22L12$
https://portal.afterpay.com,teeaye2212@gmail.com,I9v22L12$
https://profile.callofduty.com,teeaye205@gmail.com,I9v22L12$
https://profile.w3schools.com,earnestabrom@outlook.com,I9v22L12$
https://proofpoint.wd5.myworkdayjobs.com,earnestabromjr@gmail.com,_W7Gtyn_Hc2tK5B
https://pwoah7oh4jlgdwri.onion,teeaye205,ta030682
https://rai-mc.konycloud.com,teeaye205@gmail.com,I9v22L12$
https://rancher.earnestabrom.com,admin,A2212Mob$hit
https://regions.wd5.myworkdayjobs.com,earnestabromjr@gmail.com,Ta030682@
https://resumegenius.com,teeaye2212@gmail.com,#4&q2DsekyLGdFa
https://s3.amazonaws.com,teeaye205@gmail.com,!5Playa5!
https://sa.www4.irs.gov,3147,74
https://secure.go2bank.com,zacandzoie@gmail.com,I9v22l12$
https://secure.go2bank.com,abromearnest@gmail.com,g9fsZKDqe56p5Vx
https://secure.login.gov,earnestabrom@outlook.com,T@030682Zackari21
https://secure.maxpreps.com,teeaye205@gmail.com,E_!j@SFU2jsRDgs
https://secure.newegg.com,teeaye205@gmail.com,I9v22L12$
https://secure.plaid.com,teeaye205,I9v22L12$
https://secure.plaid.com,teeaye205@gmail.com,I9v22L12$
https://secure.serve.com,teeaye205,I9v22L12
https://secure.serve.com,teeaye2212,I9v22L12
https://secure2.walmartmoneycard.com,teeaye205,I9v22L12
https://secured.creditsesame.com,abromearnest@gmail.com,K54GgNsdX4mtNNM
https://securustech.online,teeaye2212@gmail.com,cCWnJJjz86WenNb
https://service.transunion.com,abromearnest@gmail.com,Te=pD2)XJe3%6q#
https://signin.aws.amazon.com,earnestabrom,E03t06A82@
https://signin.aws.amazon.com,earnest205,I9v22L12$
https://signin.aws.amazon.com,nesto,UarjE86%Q^Azs&
https://signin.aws.amazon.com,teeaye2212@gmail.com,I9v22L12$
https://signin.aws.amazon.com,abromearnest@gmail.com,M6babK}2kUp%SLH
https://signin.aws.amazon.com,earnestabromjr@gmail.com,+@We*GxYzy3ZZZS
https://signin.cricketwireless.com,terryabrom,A2212Mob$hit
https://signup.hulu.com,teeaye2212@gmail.com,T@030682
https://socialrebel.co,anakin550,3y!rEgJ$hF_HFk2
https://sso.teachable.com,earnestabromjr@gmail.com,"da2c#4Ad_,8QDR%"
https://toronto.my.kaspersky.com,teeaye205@gmail.com,wy7a6QR#TqqF7x7
https://twitter.com,teeaye205@gmail.com,ta030682
https://twitter.com,abromearnest,ta030682
https://us-east-1.signin.aws.amazon.com,earnestabrom,E03t06A82@
https://us-east-1.signin.aws.amazon.com,earnest205,I9v22L12$
https://us-east-1.signin.aws,,RYqd?9RycUpdy.T
https://us-east-2.signin.aws.amazon.com,earnest205,I9v22L12$
https://usa.experian.com,teeaye205@gmail.com,2212
https://uspscandidate.psionline.com,earnestabromjr@gmail.com,B2.xCwaVNZZ4QZQ
https://uspscandidate.psionline.com,22391055,B2.xCwaVNZZ4QZQ
https://vault.bitwarden.com,earnestabromjr@gmail.com,A2212Mob$hit
https://venmo.com,teeaye205@gmail.com,I9v22L12$
https://wp1-ext.usps.gov,EARNESTABROM205,tdP?#bBszbPDs39
https://www.amazon.com,+12055127652,ta030682
https://www.amazon.com,12055127652,ta030682
https://www.amazon.com,12059151151,I9v22L12$
https://www.amazon.com,2055127652,ta030682
https://www.belk.com,teeaye205@gmail.com,dozzy0-pYktep-zipnik
https://www.bitwig.com,Mvx@aD.*25aGsHs,Mvx@aD.*25aGsHs
https://www.brinksprepaidmastercard.com,teeaye205,I9v22L12$
https://www.brinksprepaidmastercard.com,teeaye205@gmail.com,I9v22L12$
https://www.carvana.com,teeaye205@gmail.com,Bk6v8i+8kh9KT8i
https://www.chess.com,teeaye205@gmail.com,ta030682
https://www.creditkarma.com,,7C?7UmZmxhcDME?
https://www.creditkarma.com,teeaye205@gmail.com,I9v22L12$
https://www.cricketwireless.com,18995299,A2212Mob$hit
https://www.deezer.com,teeaye205@protonmail.com,ta030682
https://www.dropbox.com,teeaye205@gmail.com,ta030682
https://www.facebook.com,teeaye205@protonmail.com,I9v22L12$
https://www.github.com,earnestabrom205,DE4TiCZS6G8A@xS
https://www.grover.com,,DfP59#JPa7b2qqV
https://www.inboxdollars.com,earnestabrom@outlook.com,%!LGk5AX-mfaG+p
https://www.inboxdollars.com,teeaye205@gmail.com,%!LGk5AX-mfaG+p
https://www.kodekloud-engineer.com,earnestabromjr@gmail.com,@i7tc3zyym3NHTR
https://www.learncodinganywhere.com,earnestabrom@outlook.com,E03t06A82@
https://www.linkedin.com,earnestabrom@outlook.com,!5Playa5!
https://www.linkedin.com,teeaye205@gmail.com,ePGb%b3t<rumB2N
https://www.livemixtapes.com,anakin550,kCG7gTsiSDXRCSn
https://www.messenger.com,teeaye205@protonmail.com,I9v22L12$
https://www.newport-pleasure.com,teeaye205@gmail.com,I9v22L12$
https://www.packtpub.com,earnestabrom@outlook.com,kwwgGbTNAiu$b3G
https://www.patreon.com,teeaye205@outlook.com,aQK?Cam+rbG;xB5
https://www.paygonline.com,2059312170,Ta030682
https://www.paypal.com,abromearnest@gmail.com,P%3fZsHupsHbqHR
https://www.paypal.com,teeaye205@gmail.com,sWyD)Tw#u(2D3$x
https://www.reddit.com,No_Attention7412,ta030682
https://www.swagbucks.com,teeaye205@gmail.com,A%xnq6$WYVYbcTh
https://www.udemy.com,abromearnest@gmail.com,S=@EAB+i;_6sHk2
https://www.udemy.com,earnestabrom@outlook.com,S=@EAB+i;_6sHk2
https://www.upgrade.com,earnestabrom@outlook.com,kypcy6-Dinmyg-towxih
https://www.virustotal.com,teeaye205@gmail.com,ta030682
https://www.virustotal.com,teeaye2212@gmail.com,ta030682
https://www.westernunion.com,teeaye205@gmail.com,I9v22L12
https://yxuy5oau7nugw4kpb4lclrqdbixp3wvc4iuiad23ebyp2q3gx7rtrgqd.onion,teeaye205,ta030682
https://app.chime.com,abromearnest@gmail.com,*n%TaNFivx$pp3h
https://accounts.google.com,eabromjr@gmail.com,259norrislane
https://twitter.com,@AbromEarnest,H6HFvg+9X2k()tX
https://github.com,teeaye2212@gmail.com,DE4TiCZS6G8A@xS
https://wp1-ext.usps.gov,,F53tPBPfcfzDPVj
https://epic.avature.net,earnestabromjr@gmail.com,C4xgk88RteNn2L@
https://www.credly.com,earnestabrom@outlook.com,&KvZy?j#Mgu?r]8
https://techiescamp.com,teeaye2212@gmail.com,uF43bj64iwY#L9!
https://auth0.openai.com,teeaye2212@gmail.com,Ta030682@
"https://google.com,https",earnestabromjr,AZUh^$#2&&njND
https://recruiting.adp.com,earnestabromjr@gmail.com,LZauCWtuQ8i&-9L
https://login.microsoftonline.com,azure-iam@earnestabromoutlook.onmicrosoft.com,Ta030682@
https://account.jetbrains.com,,"m~sitp,u**f79B$"
https://sso.redhat.com,earnestabrom205,Ta030682@
https://www.twitch.tv,teeaye205,I9v23L12$
https://belk.com,teeaye205@gmail.com,dozzy0-pYktep-zipnik
https://www.bristolwest.com,zacandzoie@gmail.com,Cpa082175$
http://127.0.0.1:8080,earnest205,ta030682
https://epic.avature.net,Abrom,C4xgk88RteNn2L@
https://gitlab.nioyatech.com,,A2212Mob$hit
https://www.amazon.com,+12059151151,I9v22L12$
https://secure.login.gov,,T@030682Zackari21
https://scratch.mit.edu,yung_skywalker,ZFTg@b9v5x_bG.V
https://us-east-2.signin.aws.amazon.com,11-team-03,NTnt1111.
https://frontendmasters.com,teeaye2212@gmail.com,37br4lQP9DVr00
https://customerconnect.vmware.com,earnestabrom@outlook.com,nHWBp2gjk%4^RX
https://unsplash.com,earnest205,P5cnLVY2vsGKGsi
https://teclado.com,teeaye2212@gmail.com,MzSg2KqLJkn92NS
https://www.familyorbit.com,teeaye205@gmail.com,rdwfqz15at
https://store.steampowered.com,teeaye205,6qw3yhW4p4vFYmN
https://www.cbtnuggets.com,teeaye2212@gmail.com,ieQ$%!3W
https://www.beenverified.com,,#54XN@qzwbe%mzc
https://member.devopsinstitute.com,teeaye2212@gmail.com,wARU2LpN3G2Njr7
https://www.credly.com,Abrom,&KvZy?j#Mgu?r]8
https://www.google.com,eabromjr,259norrislane
https://readycloud.netgear.com,teeaye205@gmail.com,I9v22L12$
https://liteblue.usps.gov,4931688,zacandzoie$0305
https://snoopza.com,teeaye205+snoopza@gmail.com,ta030682
https://www.redhat.com,earnestabromjr@gmail.com,Ta030682@
https://gitlab.com,teeaye2212@gmail.com,!w$+77w?jiUd+D^
https://us-east-2.signin.aws.amazon.com,earnestabrom,E03t06A82@
https://cloud.ibm.com,earnestabrom@outlook.com,*js$E2K2MUf7%d
https://www.facebook.com,teeaye2212@,ta030682
https://authn.edx.org,abromearnest@gmail.com,MoAwj6#7VIomO3
https://wp1-ext.usps.gov,earnestabrom205,N4K2bV98EpBAbbE
https://accounts.netgear.com,teeaye205@gmail.com,I9v22L12$
https://bigosext8s.com,teeaye205+bigsex@gmail.com,Abcd1234
https://accounts.google.com,earnestabromjr,AZUh^$#2&&njND
https://careers.healthfirst.org,earnestabromjr@gmail.com,EK_b2C$ZwSVg6Bj
https://truebill.com,teeaye205@gmail.com,LvKBWuQD45pNcNV
https://www.dice.com,earnestabromjr@gmail.com,wR7WyM_NzJQMeji
https://na.account.amazon.com,earnestabrom,E03t06A82@
http://192.168.1.1,admin,Ta030682@
https://accesspartnerships.grantplatform.com,Abrom,w4djLnMHs@UgVmP
https://login.ibm.com,,*js$E2K2MUf7%d
https://app.jobvite.com,teeaye2212@gmail.com,kBh9xsVDKa2a3Um
https://pnc.wd5.myworkdayjobs.com,earnestabromjr@gmail.com,Ta030682@
https://app.jobvite.com,Abrom,kBh9xsVDKa2a3Um
https://signin.aws.amazon.com,abrom35578,I9v22L12$
https://fixity.oorwin.com,teeaye2212@gmail.com,AjUsTz%iD8Ki43
https://www.oreilly.com,teeaye205@gmail.com,jp5bUWFpkZVHqhg
https://github.com,EAbromjr,259NorrisLane
https://vault.bitwarden.com,,vihmih-niQbux-duhqu8
https://www.pling.com,nesto9,e*but9!Ty@v3xXD
https://store.kde.org,nesto9,e*but9!Ty@v3xXD
https://www.opendesktop.org,nesto9,e*but9!Ty@v3xXD
https://accounts.google.com,earnestabromjr@gmail.com,AZUh^$#2&&njND
https://us-east-1.signin.aws,terryabrom,M6babK}2kUp%SLH
https://192.168.1.100,admin,A2212Mob$hit
http://192.168.1.101,admin,E03t06A82@
https://192.168.1.170:8006,root,ta030682
https://192.168.1.170:9443,admin,pU$]5qHud;wTPA.
http://192.168.1.170,earne,ta030682
https://192.168.1.1,Verzizon_cube,93MHPR3LZ
http://192.168.1.170:9000,admin,pU$]5qHud;wTPA.
http://192.168.1.207:3000,admin,I9v22L12$
http://192.168.1.206:9000,admin,A2212Mob$hit
https://192.168.1.102:12322,admin,I9v22L12$
https://192.168.1.102,root,I9v22L12$
https://account.proton.me,teeaye205@protonmail.com,ta030682
https://authn.edx.org,earnestabrom205,zeVcub-nowgi5-nodnuk
https://www.plex.tv,,A2212Mob$hit
https://app.plex.tv,,A2212Mob$hit
android://com.getsomeheadspace.android,teeaye205@gmail.com,I9v22L12$
android://com.westernunion.android.mtapp,teeaye205@gmail.com,I9v22L12$
android://com.creditkarma.mobile,abromearnest@gmail.com,7C?7UmZmxhcDME?
android://com.walmart.android,teeaye205@gmail.com,I9v22L12$
android://com.onedebit.chime,teeaye205@gmail.com,I9v22L12$
android://com.pof.android,teeaye205@gmail.com,bS9DQ1sVpi4v@Vy
android://com.discord,2055127652,lQEr9O-zl7sI0tm
android://com.surveysampling.mobile.quickthoughts,teeaye2212@gmail.com,ta030682
android://com.greendotcorp.go2bank,zacandzoie@gmail.com,I9v22l12$
android://com.discord,teeaye205,I9v22L12$
android://com.tencent.ibg.joox,+12055300083,ta030682
android://com.pof.android,TerryAye,bS9DQ1sVpi4v@Vy
android://com.techmob.mixtapes,teeaye205,!5Playa5!
android://com.datpiff.mobile,anakin550,ta030682
android://com.pandora.android,teeaye205@gmail.com,ta030682
android://com.facebook.katana,teeaye205@protonmail.com,I9v22L12$
android://com.enflick.android.tn2ndline,teeaye205@gmail.com,Ta030682!
android://com.granita.contacticloudsync,teeaye205@gmail.com,I9v22L12$
android://tv.twitch.android.app,teeaye205,I9v23L12$
android://com.xabber.android,teeaye205,ta030682
android://com.snapchat.android,teeaye205@gmail.com,ta030682
android://com.greendotcorp.go2bank,abromearnest@gmail.com,Earnest1!
android://com.waze,usa_0xctkk83,ex81y853
android://com.roku.remote,teeaye205@gmail.com,I9v22L12$
android://com.onedebit.chime,abromearnest@gmail.com,*n%TaNFivx$pp3h
android://mega.privacy.android.app,teeaye2212@gmail.com,sY!Y46nHTSuPxG:
android://com.life360.android.safetymapd,teeaye205@gmail.com,ta030682
android://com.spotify.music,31hbl6vrcavmj22ud76zmd4rf6yi,ta030682
android://com.dave,(205) 512-7652,I9v22L12$
android://com.xabber.android,teeaye205@xabber.org,ta030682
android://com.livemixtapes,anakin550,kCG7gTsiSDXRCSn
android://com.clerkie.clerkieandroidapp,teeaye205@gmail.com,!5Playa5!
android://com.dave,abromearnest@gmail.com,I9v22L12$
moz-extension://d5d89106-cfa9-43bf-ad08-19fbe175c5d7,,pU$]5qHud;wTPA.
android://com.paypal.merchant.client,abromearnest@gmail.com,P%3fZsHupsHbqHR
http://routerlogin.net,admin,password
android://com.plexapp.android,teeaye205@gmail.com,ta030682
android://com.eastbay.eastbay,teeaye205@gmail.com,I9v22L12$
https://192.168.1.1,Verizon_XGKH79-IoT,aorta9-milk-nit
https://192.168.1.1,Verizon_XGKH79,aorta9-milk-nit
https://signin.cricketwireless.com,18995299,A2212Mob$hit